text,group,hand_failed,defect
3662e4fa-15a6-457a-a0c2-ce6e74086488,mine,sonnet,copiato: 78% dei 6-grammi di prosa identici (soglia 35%)
e6edffe2-6a8d-407f-8ad2-23c2e32d475c,mine,sonnet,copiato: 50% dei 6-grammi di prosa identici (soglia 35%)
57d36d4d-f545-49a6-9409-d320c41d7946,mine,sonnet,copiato: 48% dei 6-grammi di prosa identici (soglia 35%)
ffb45a6d-0528-437d-8330-254b5ab489a0,mine,sonnet,span: mancano []; aggiunti ['`500 Liquid deposits are temporarily disabled`']
6ca06ea4-9fcb-45e0-90ed-5ce2b6344de4,mine,sonnet,copiato: 54% dei 6-grammi di prosa identici (soglia 35%)
08f0f004-407e-442b-9f7a-81016dc7d91b,mine,sonnet,copiato: 62% dei 6-grammi di prosa identici (soglia 35%)
V032,others,sonnet,numeri
V034,others,sonnet,copiato
V041,others,sonnet,copiato
V043,others,sonnet,copiato
V048,others,sonnet,blocchi
V049,others,sonnet,copiato
V053,others,sonnet,copiato
V055,others,sonnet,copiato
V059,others,sonnet,copiato
V060,others,sonnet,copiato
V061,others,sonnet,copiato
