text,group,in_sample,J1_sonnet,J2_opus,J3_opus,final_class_g1412
X001,others,no,N,N,,N
ef05135e-7fa7-4023-818c-f8c2100e752f,mine,yes,S,S,,S
X002,others,no,N,N,,N
X003,others,no,S,S,,S
X004,others,no,R,R,,R
X005,others,no,S,S,,S
V032,others,yes,N,N,,N
5c8f261b-69db-4117-983c-475e9272b554,mine,yes,S,S,,S
X006,others,no,N,N,,N
6c19cac6-c66a-4631-9a6b-3041f6bd9373,mine,yes,S,S,,S
X007,others,no,N,S,N,N
X008,others,no,R,R,,R
X009,others,no,R,R,,R
749a465a-cb60-4df1-98ed-af72a93a8206,mine,yes,S,S,,S
X010,others,no,N,S,S,S
063eb1f8-2336-477a-8901-4199936f00de,mine,yes,S,S,,S
X011,others,no,N,R,R,R
00ae7a3c-91e4-4b03-bcf4-bf4f8c992531,mine,yes,S,S,,S
X012,others,no,N,N,,N
V033,others,yes,R,R,,R
bb9f9116-46ea-4859-9882-5bd17cd90649,mine,yes,N,R,R,R
X013,others,no,R,R,,R
V034,others,yes,N,N,,N
X014,others,no,N,N,,N
cb5a9c76-e85e-47df-afb0-ee9de06e95cb,mine,yes,N,R,R,R
591f62e1-2b67-4713-bbde-a126cfc5527f,mine,yes,N,N,,N
d6eada84-6ad1-44f2-b509-0542e376d92c,mine,yes,R,R,,R
X015,others,no,R,S,S,S
V035,others,yes,N,N,,N
X016,others,no,R,S,S,S
V036,others,yes,N,N,,N
X017,others,no,N,N,,N
27c9bd9c-40b0-4ad1-bb39-f3f617b01a57,mine,yes,S,S,,S
X018,others,no,N,N,,N
X019,others,no,S,S,,S
X020,others,no,R,R,,R
X021,others,no,N,N,,N
X022,others,no,R,S,S,S
X023,others,no,N,N,,N
X024,others,no,N,N,,N
3662e4fa-15a6-457a-a0c2-ce6e74086488,mine,yes,S,S,,S
X025,others,no,R,R,,R
1f55d9a5-16cf-440a-a87e-2edd823a7be2,mine,yes,S,S,,S
f350cb4b-217a-4c2e-bbe8-65a2979b87e0,mine,yes,S,S,,S
X026,others,no,R,R,,R
X027,others,no,N,R,R,R
X028,others,no,R,R,,R
V037,others,yes,S,S,,S
X029,others,no,R,R,,R
X030,others,no,N,N,,N
V038,others,yes,N,S,S,S
136f65e3-9110-4b1a-bb7a-e9508fd2380e,mine,yes,S,S,,S
V039,others,yes,S,S,,S
X031,others,no,N,N,,N
X032,others,no,R,S,S,S
X033,others,no,N,N,,N
V040,others,yes,N,N,,N
V041,others,yes,N,N,,N
6a50c31b-06c0-420d-b80a-59fc3121fa1d,mine,yes,S,S,,S
X034,others,no,N,S,S,S
X035,others,no,R,R,,R
V042,others,yes,N,N,,N
e6edffe2-6a8d-407f-8ad2-23c2e32d475c,mine,yes,R,R,,R
V043,others,yes,N,N,,N
X036,others,no,N,N,,N
931f8d0e-2658-4534-889a-ad1b7e4b0b4e,mine,yes,N,R,R,R
X037,others,no,S,S,,S
X038,others,no,R,S,N,S
V044,others,yes,N,N,,N
X039,others,no,S,S,,S
X040,others,no,N,N,,N
X041,others,no,N,N,,N
X042,others,no,S,S,,S
X043,others,no,R,R,,R
V045,others,yes,N,N,,N
X044,others,no,N,N,,N
V046,others,yes,N,N,,N
X045,others,no,R,R,,R
3865fc2e-1d02-443f-ab69-456d6bda1bd3,mine,yes,S,R,R,R
V047,others,yes,N,N,,N
X046,others,no,N,N,,N
X047,others,no,S,S,,S
X048,others,no,N,S,N,N
X049,others,no,S,S,,S
8142479a-2967-43b5-8708-226f8dce779d,mine,yes,S,S,,S
57d36d4d-f545-49a6-9409-d320c41d7946,mine,yes,N,R,R,R
X050,others,no,S,S,,S
V048,others,yes,N,N,,N
V049,others,yes,S,S,,S
V050,others,yes,S,S,,S
V051,others,yes,N,N,,N
X051,others,no,R,R,,R
V052,others,yes,S,S,,S
V053,others,yes,R,R,,R
X052,others,no,R,R,,R
V054,others,yes,S,S,,S
V055,others,yes,R,R,,R
X053,others,no,S,S,,S
d1a84d4c-13af-44f9-a49d-ac207ceb5fb0,mine,yes,S,S,,S
X054,others,no,N,N,,N
ffb45a6d-0528-437d-8330-254b5ab489a0,mine,yes,R,R,,R
X055,others,no,N,N,,N
X056,others,no,R,R,,R
X057,others,no,S,S,,S
e82311a0-c158-49fd-b8e9-7f1b17ac6fef,mine,yes,S,R,R,R
V056,others,yes,S,S,,S
bbd292e5-74de-49f3-a0c7-0bc0bee87305,mine,yes,S,R,R,R
V057,others,yes,S,S,,S
1da3e43d-8c2d-4a16-86cd-2add63369986,mine,yes,N,S,S,S
V058,others,yes,N,N,,N
6ba8f92c-24af-4434-a6c8-a5856ec13dc4,mine,yes,S,S,,S
X058,others,no,N,S,S,S
X059,others,no,S,N,S,S
X060,others,no,R,N,N,N
V059,others,yes,R,S,S,S
X061,others,no,S,S,,S
X062,others,no,N,N,,N
X063,others,no,R,R,,R
X064,others,no,N,S,S,S
V060,others,yes,S,R,R,R
c6ac5ba7-cd9b-40df-a9c0-4aff13949ad1,mine,yes,S,R,R,R
X065,others,no,S,S,,S
X066,others,no,R,R,,R
6ca06ea4-9fcb-45e0-90ed-5ce2b6344de4,mine,yes,S,S,,S
V061,others,yes,R,R,,R
X067,others,no,N,N,,N
08f0f004-407e-442b-9f7a-81016dc7d91b,mine,yes,R,R,,R
X068,others,no,N,N,,N
33dd1230-1b18-4a2f-8040-2b0b4ca2011b,mine,yes,R,R,,R
X069,others,no,N,N,,N
V062,others,yes,N,N,,N
