text,group,J1_sonnet,J2_opus,J3_opus,final_class_g1412
ef05135e-7fa7-4023-818c-f8c2100e752f,mine,S,S,,S
5c8f261b-69db-4117-983c-475e9272b554,mine,S,S,,S
6c19cac6-c66a-4631-9a6b-3041f6bd9373,mine,S,S,,S
749a465a-cb60-4df1-98ed-af72a93a8206,mine,S,S,,S
063eb1f8-2336-477a-8901-4199936f00de,mine,S,S,,S
00ae7a3c-91e4-4b03-bcf4-bf4f8c992531,mine,S,S,,S
bb9f9116-46ea-4859-9882-5bd17cd90649,mine,N,R,R,R
cb5a9c76-e85e-47df-afb0-ee9de06e95cb,mine,N,R,R,R
591f62e1-2b67-4713-bbde-a126cfc5527f,mine,N,N,,N
d6eada84-6ad1-44f2-b509-0542e376d92c,mine,R,R,,R
27c9bd9c-40b0-4ad1-bb39-f3f617b01a57,mine,S,S,,S
3662e4fa-15a6-457a-a0c2-ce6e74086488,mine,S,S,,S
1f55d9a5-16cf-440a-a87e-2edd823a7be2,mine,S,S,,S
f350cb4b-217a-4c2e-bbe8-65a2979b87e0,mine,S,S,,S
136f65e3-9110-4b1a-bb7a-e9508fd2380e,mine,S,S,,S
6a50c31b-06c0-420d-b80a-59fc3121fa1d,mine,S,S,,S
e6edffe2-6a8d-407f-8ad2-23c2e32d475c,mine,R,R,,R
931f8d0e-2658-4534-889a-ad1b7e4b0b4e,mine,N,R,R,R
3865fc2e-1d02-443f-ab69-456d6bda1bd3,mine,S,R,R,R
8142479a-2967-43b5-8708-226f8dce779d,mine,S,S,,S
57d36d4d-f545-49a6-9409-d320c41d7946,mine,N,R,R,R
d1a84d4c-13af-44f9-a49d-ac207ceb5fb0,mine,S,S,,S
ffb45a6d-0528-437d-8330-254b5ab489a0,mine,R,R,,R
e82311a0-c158-49fd-b8e9-7f1b17ac6fef,mine,S,R,R,R
bbd292e5-74de-49f3-a0c7-0bc0bee87305,mine,S,R,R,R
1da3e43d-8c2d-4a16-86cd-2add63369986,mine,N,S,S,S
6ba8f92c-24af-4434-a6c8-a5856ec13dc4,mine,S,S,,S
c6ac5ba7-cd9b-40df-a9c0-4aff13949ad1,mine,S,R,R,R
6ca06ea4-9fcb-45e0-90ed-5ce2b6344de4,mine,S,S,,S
08f0f004-407e-442b-9f7a-81016dc7d91b,mine,R,R,,R
33dd1230-1b18-4a2f-8040-2b0b4ca2011b,mine,R,R,,R
V032,others,N,N,,N
V033,others,R,R,,R
V034,others,N,N,,N
V035,others,N,N,,N
V036,others,N,N,,N
V037,others,S,S,,S
V038,others,N,S,S,S
V039,others,S,S,,S
V040,others,N,N,,N
V041,others,N,N,,N
V042,others,N,N,,N
V043,others,N,N,,N
V044,others,N,N,,N
V045,others,N,N,,N
V046,others,N,N,,N
V047,others,N,N,,N
V048,others,N,N,,N
V049,others,S,S,,S
V050,others,S,S,,S
V051,others,N,N,,N
V052,others,S,S,,S
V053,others,R,R,,R
V054,others,S,S,,S
V055,others,R,R,,R
V056,others,S,S,,S
V057,others,S,S,,S
V058,others,N,N,,N
V059,others,R,S,S,S
V060,others,S,R,R,R
V061,others,R,R,,R
V062,others,N,N,,N
